District,Name,UserId
Hyderabad,Behzad Memon,2158
Badin,Ali Hyder,2161
Badin,Rahool perkash,2162
Badin,Zeb Ali,2165
Badin,MashooqueAhmed Khajji,2169
Badin,Naseerudin Naseerudin,2173
Badin,Aftab Ahmed,2176
Badin,Abdul Wahab,2180
Badin,Asif Ali,2183
Badin,Wali Muhammad,2186
Badin,asif nizamani,2189
Badin,Ameer Ahmed,2191
Badin,Muhammadsheraz arain,2193
Badin,Saadsidique umrani,2195
Badin,Naresh Kumar,2197
Badin,Awais Ahmed,2198
Badin,NaveedRaza Khan,2199
Badin,Asim Ahmed,2203
Badin,Asad Raza,2206
Badin,Zainulaabideen Zainulaabideen,2210
Badin,Ghulam Akber,2213
Badin,Iahtsham hussain,2216
Badin,Aliraza jafri,2219
Badin,Muhammad asghar,2222
Badin,Imran Khan,2546
Badin,Nisar Ali Shah,2584
Dadu,,2559
Dadu,Irfan Bhand,2094
Dadu,Hakim Ali,2090
Dadu,Faisal Khan,2096
Dadu,AyazAhmed lund,2103
Dadu,Abdulsattar lund,2102
Dadu,Imtiaz Mallah,2113
Dadu,Zahid lund,2101
Dadu,Safdar Shahani,2112
Dadu,Abid Ali Solangi,2107
Dadu,Shafique Rehman,2116
Dadu,Mazhar Lahbar,2114
Dadu,Mukhtiar Samejo,2111
Dadu,,2558
Ghotki,Waseem Ahmed,2226
Ghotki,Tahir shah,2410
Ghotki,Numan Ashraf,2223
Ghotki,Ranjeet Kumar,2228
Ghotki,Azaz Ahmed,2215
Ghotki,Fayaz Alichachar,2218
Ghotki,Bhagwan Das,2211
Ghotki,Agha Salamullahkhan,2217
Ghotki,Abdul Raufhassan,2230
Ghotki,Ghulam Abbas,2344
Ghotki,Sikandar Ali,2404
Ghotki,faisal hakeem,2417
Hyderabad,Daniyal Qureshi,2076
Hyderabad,Umair Hafeez,2078
Hyderabad,FarhanAli Soomro,2080
Hyderabad,Ali Shaikh,2082
Hyderabad,Mohsin Ali,2079
Hyderabad,Daniyal Nawaz,2081
Hyderabad,Dur Muhammad,2084
Hyderabad,Muhammad Danish,2086
Jacobabad,Muneer Ahmed,2053
Jacobabad,Amjad Ali,2054
Jacobabad,Hidayatullah Noonari,2058
Jacobabad,Khuram Aziz,2051
Jacobabad,Waqas Ali,2067
Jacobabad,Amad Ali,2052
Jacobabad,Khalid Husaain,2056
Jacobabad,Toufeeq Ahmed,2064
Jacobabad,Abdul Razzaque,2069
Jacobabad,Saad Hussain,2071
Jacobabad,,2557
Jamshoro,Ghulam Rasool,2063
Jamshoro,,2576
Jamshoro,Hatim Mirjat,2055
Jamshoro,Aamir Hafeez,2060
Jamshoro,Bilal Mehmood,2066
Jamshoro,Arsalan Mehdi,2072
Kambar at Shahdadkot,InsafUllah ,2166
Kambar at Shahdadkot,HafeezUrRehman Rehman,2178
Kambar at Shahdadkot,GulzarAli Ali,2073
Kambar at Shahdadkot,Muhammad Kaleem,2077
Kambar at Shahdadkot,Ayaz Ali,2126
Kambar at Shahdadkot,AmjadAli Ali,2163
Kambar at Shahdadkot,Maqsood Ahmed,2156
Kambar at Shahdadkot,Ghulam sarwar,2170
Kambar at Shahdadkot,Zohaib Asghar,2160
Kambar at Shahdadkot,Tarique Hussain,2174
Kambar at Shahdadkot,NaveedAhmed Meerani,2172
Kambar at Shahdadkot,,2539
Kambar at Shahdadkot,Asif Ali,2510
Kambar at Shahdadkot,,2583
Karachi Central,Muhammad SohaibUddin,1035
Karachi Central,MuhammadUsman Shahid,1031
Karachi Central,Awais Khan,1033
Karachi Central,Muhammad Ahsan,1032
Karachi Central,,2575
Karachi East,,2568
Karachi East,Kashif Ali,1024
Karachi East,,2569
Karachi Keamari,,2532
Karachi Keamari,,2564
Karachi Korangi,Ghulam mustafa,1016
Karachi Korangi,Muhammad Sultan,10
Karachi Korangi,MASOOD AHMED,1037
Karachi Malir,Ahsan Ali,1011
Karachi Malir,Rameez Raja,1026
Karachi Malir,Shabbir Ahmed,1027
Karachi Malir,Saif soomro,1029
Karachi Malir,Waseem Ahmed,1030
Karachi Malir,Zohaib Hassan,1028
Karachi South,,2545
Karachi South,Faizan Yousuf,11
Karachi South,MuhammadAdeel Qadri,2443
Karachi South,,2544
Karachi South,,2543
Karachi West,MUHAMMAD HARIS,1036
Kashmore at Kandhkot,Salman Shaheen,2091
Kashmore at Kandhkot,Ayaz Ali,2099
Kashmore at Kandhkot,Rafique Ahmed,2085
Kashmore at Kandhkot,Sanaullah Sanaullah,2088
Kashmore at Kandhkot,abhimanyu pahooje,2093
Kashmore at Kandhkot,Mansoor Akhter,2092
Kashmore at Kandhkot,Arsallah Dahani,2089
Kashmore at Kandhkot,Syed Kashif,2095
Kashmore at Kandhkot,Rasool Bux,2097
Kashmore at Kandhkot,Muhammad Shah,2087
Kashmore at Kandhkot,Muhammad Punhal,2100
Kashmore at Kandhkot,Aroon Kumar,2098
Khairpur Mirs,,2565
Khairpur Mirs,,2566
Khairpur Mirs,,2606
Khairpur Mirs,,2567
Khairpur Mirs,MuhammadSadam Shah,2359
Khairpur Mirs,Rashid Hussain,2187
Khairpur Mirs,AbdulSamad Razzaque,2202
Khairpur Mirs,SirajAhmed Chandio,2356
Khairpur Mirs,NabiBakhsh Abro,2349
Khairpur Mirs,Shamim Abbas,2342
Khairpur Mirs,Farooque Azam,2355
Khairpur Mirs,Sagar kumar,2361
Khairpur Mirs,NadeemMumtaz Ali,2354
Khairpur Mirs,Abdullah Abdullah,2363
Khairpur Mirs,Ali Hyder,2362
Khairpur Mirs,Saifullah memon,2365
Khairpur Mirs,Imran Ahmed,2367
Khairpur Mirs,Javed Hussain,2346
Khairpur Mirs,Tasleem Ahmed,2364
Khairpur Mirs,ZainUlAbdeen KhayalShah,2358
Khairpur Mirs,Hazoor Bux,2357
Khairpur Mirs,Shafique hussain,2368
Khairpur Mirs,Shoaib hydermughal,2369
Khairpur Mirs,Mansoor Ali,2409
Khairpur Mirs,Shafqat hasnain,2415
Khairpur Mirs,Shafique ahmed,2414
Khairpur Mirs,waseem ahmed,2416
Khairpur Mirs,Sajad Ali,2413
Khairpur Mirs,,2637
Khairpur Mirs,,2607
Larkana,ShahidHussain Shah,2110
Larkana,,2536
Larkana,Bilawal ali,2106
Larkana,MuhammadAwais Awais,2117
Larkana,Imran Ali,2120
Larkana,Samiullah Samiullah,2119
Larkana,AamirAli Ali,2109
Larkana,,2121
Larkana,,2535
Matiari,TanveerAhmed Baati,2312
Matiari,ShakirHussain Memon,2313
Matiari,Assadullah Detho,2314
Matiari,MuhammadAli Nizamani,2309
Matiari,JiandKhan Khoso,2311
Matiari,,2585
Mirpurkhas,,2560
Mirpurkhas,shuzeb ali,2383
Mirpurkhas,Muhammad Farhan,2373
Mirpurkhas,Muhammad Mueez,2374
Mirpurkhas,Vijay Kumar,2371
Mirpurkhas,asad mustafa,2375
Mirpurkhas,temor ali,2382
Mirpurkhas,asad hussain,2377
Mirpurkhas,Muhammad Babar,2378
Mirpurkhas,ghulam akbar,2384
Mirpurkhas,Salman Ahmed,2376
Mirpurkhas,iftikhar ahmed,2385
Mirpurkhas,shahjahan mari,2387
Mirpurkhas,usama khursheed,2389
Mirpurkhas,ayaz ali,2390
Mirpurkhas,muhammad muzzamil,2421
Naushero Feroze,Ausif Ali,2179
Naushero Feroze,Kashif Vistro,2070
Naushero Feroze,AsifAli MariBalouch,1013
Naushero Feroze,Imran Ali,2260
Naushero Feroze,Ahsan Ali,2132
Naushero Feroze,Wajid Ali,2143
Naushero Feroze,Suhail Ahmed,2130
Naushero Feroze,Muhammad Younis,2185
Naushero Feroze,Altaf hussain,2258
Naushero Feroze,Aamir ali,2262
Naushero Feroze,Touqeer Memon,2388
Naushero Feroze,Sarfraz Ali,2395
Naushero Feroze,Mazhar Malik,2391
Naushero Feroze,Aftab Hussain,2399
Naushero Feroze,Amjad Rajput,2402
Naushero Feroze,Abdul Ghaffar Rajpar,2451
Naushero Feroze,,2541
Naushero Feroze,,2540
Naushero Feroze,,2542
Sanghar,Ashfaque Ahmed,2403
Sanghar,Abdul Subhan,2115
Sanghar,GhulamAsad Hussain,2122
Sanghar,Abdullah Khan,2145
Sanghar,Fahad Iqbal,2142
Sanghar,Touqeer Ahmed,2125
Sanghar,Muhammad Waris,2134
Sanghar,Ali Nawaz,2139
Sanghar,wasil ali,2155
Sanghar,Shoaib nazir,2152
Sanghar,Abdul sattar,2159
Sanghar,Rameez Ahmed,2168
Sanghar,Zen ali,2177
Sanghar,Saleem muhammad,2171
Sanghar,Zeeshan Afsar,2184
Sanghar,Rameez Raja,2386
Sanghar,Abdullah Kunbhar,2392
Sanghar,Mansoor Ali,2393
Sanghar,,2554
Sanghar,,2552
Sanghar,,2556
Shaheed Benazirabad,Kaleem Ghori,2255
Shaheed Benazirabad,Ghulam Abbas,2190
Shaheed Benazirabad,Zubair Akram,2194
Shaheed Benazirabad,Abdul Latif,2201
Shaheed Benazirabad,Majid Mushtaque,2208
Shaheed Benazirabad,Sunatullah Salman,2204
Shaheed Benazirabad,Maqbool Ahmed,2221
Shaheed Benazirabad,Saddam Hussain,2205
Shaheed Benazirabad,Saleem Mohammad,2200
Shaheed Benazirabad,Altaf Hussain,2234
Shaheed Benazirabad,Abdul Samad,2246
Shaheed Benazirabad,Azhar Din,2250
Shaheed Benazirabad,Mehran soomro,2237
Shaheed Benazirabad,Javed Ali,2254
Shaheed Benazirabad,kamran ali,2249
Shaheed Benazirabad,Rafique Nawaz,2252
Shaheed Benazirabad,Samar Abbas,2253
Shaheed Benazirabad,Kamran Ali,2257
Shaheed Benazirabad,waqar ali,2440
Shaheed Benazirabad,Aamir Hussain,2400
Shikarpur,Ali Muhammad,2136
Shikarpur,NareshKumar Talreja,2128
Shikarpur,Iqtadar Ali,2147
Shikarpur,AbdulQayoom Qayoom,2131
Shikarpur,AmjadAli Shah,2135
Shikarpur,MaqsoodRaza Naqvi,2140
Shikarpur,Ravi Kumar,2154
Shikarpur,,2548
Shikarpur,,2581
Sujawal,Anwar Ismail,2275
Sujawal,Zohaib Memon,2276
Sujawal,Shuaib memon,2264
Sujawal,Sarang Mumtaz,2259
Sujawal,Sanjay Kumar,2265
Sujawal,Fayaz Ahmed,2277
Sujawal,Sarwanali Khuwaja,2278
Sujawal,SajjadHussain Jamari,2281
Sujawal,WaqasAhmed Ansari,2273
Sujawal,,2537
Sujawal,,2605
Sukkur,Ali Raza,2247
Sukkur,kamran Kamran,2244
Sukkur,FahadUllah MIrani,2341
Sukkur,Amjad Hussain,2336
Sukkur,Abdul Sami,2338
Sukkur,Bhagwan Das,2339
Sukkur,AwaisAhmed Shah,2343
Sukkur,MuhammadYounis Shaikh,2340
Sukkur,Suneel Kumar,2352
Tando Allahyar,Hussain Bux,2141
Tando Allahyar,Abdul Rehman,2129
Tando Allahyar,Zubair Ahmed,2146
Tando Allahyar,Fahad Nizamani,2144
Tando Allahyar,Asadullah Shaikh,2133
Tando Muhammad Khan,RameezAhmed Memon,2295
Tando Muhammad Khan,MuhammadSajid Soomro,2287
Tando Muhammad Khan,Imdad Hussain,2289
Tando Muhammad Khan,Muhammad Adeel,2293
Tando Muhammad Khan,ShahzadHussain Memon,2285
Tando Muhammad Khan,Husnain Ali,2292
Tando Muhammad Khan,GhulamRasool Halo,2298
Tando Muhammad Khan,BilawalAli Talpur,2297
Tando Muhammad Khan,Aqeel Ahmed,2300
Tharparkar at Mithi,haresh kumar,2283
Tharparkar at Mithi,basheer ahmed,2241
Tharparkar at Mithi,sikraj sikraj,2284
Tharparkar at Mithi,kiswer lal,2267
Tharparkar at Mithi,javed ali,2282
Tharparkar at Mithi,liaquat ali,2288
Tharparkar at Mithi,nandlal nandlal,2270
Tharparkar at Mithi,jawaid jawaid,2290
Tharparkar at Mithi,prem salhani,2274
Tharparkar at Mithi,muhammad muneer,2291
Tharparkar at Mithi,imtiaz ahmed,2279
Tharparkar at Mithi,chetan das,2271
Tharparkar at Mithi,heera lal,2272
Tharparkar at Mithi,suresh kumar,2296
Tharparkar at Mithi,asghar ali,2306
Tharparkar at Mithi,natesh kumar,2299
Tharparkar at Mithi,kamlesh rathore,2308
Tharparkar at Mithi,narain das,2294
Tharparkar at Mithi,abdul qayoom,2303
Tharparkar at Mithi,gotam das,2304
Tharparkar at Mithi,vinood kumar,2310
Tharparkar at Mithi,om parkash,2315
Tharparkar at Mithi,lachman das,2370
Tharparkar at Mithi,sanaullah nuhario,2418
Tharparkar at Mithi,muhammad ibrahim,2419
Tharparkar at Mithi,,2570
Tharparkar at Mithi,,2573
Tharparkar at Mithi,,2571
Tharparkar at Mithi,,2572
Thatta,Waqas Muhammad,2229
Thatta,MuhammadUsman Memon,2238
Thatta,Zulfiqar Abbas,2227
Thatta,AsifAli Noonari,2225
Thatta,Shehroz Dholio,2232
Thatta,Hunain Qadri,2239
Thatta,Narendar Kumar,2243
Thatta,,2231
Thatta,NabeelAhmed Soomro,2235
Thatta,Muneer Ahmed,2423
Umerkot,mohammad ismail,2324
Umerkot,hamesh raj,2326
Umerkot,gul hassan,2321
Umerkot,faheem akram,2319
Umerkot,mohammad aslam,2329
Umerkot,waseem ahmed,2333
Umerkot,Shoaib nohri,1022
Umerkot,Vishan Das,2317
Umerkot,nehroo lal,2322
Umerkot,jagdesh kumar,2318
Umerkot,ashok kumar,2323
Umerkot,lokesh kumar,2327
Umerkot,vikram singh,2332
Umerkot,hareesh rana,2335
Umerkot,rawat lumchand,2334
Umerkot,bhisham kumar,2328
Umerkot,abdul malik,2331
